{
    "mean_error": 24.105498303930037,
    "median_error": 22.689093793457033,
    "std_error": 2.9454266689728956,
    "max_underestimation": 28.950829,
    "max_overestimation": 20.42709718310547,
    "mean_abs_error": 24.105498303930037,
    "median_abs_error": 22.689093793457033,
    "mean_pct_error": 49.83168208628988,
    "threshold_temperature": 46.64550018310547,
    "num_extreme_cases": 312,
    "extreme_metrics": {
        "MAE": 24.105498303930037,
        "RMSE": 24.284208460040272,
        "MAPE": 49.831682086289874,
        "R2": -328.6566524286087
    }
}