{
    "overall": {
        "MAE": 6.046246312327545,
        "RMSE": 7.472453137875155,
        "MAPE": 18.45328334058975,
        "R2": -0.40869452900818537
    },
    "by_horizon": {
        "0": {
            "MAE": 3.606676475235534,
            "RMSE": 4.266302251775343,
            "MAPE": 10.744824902352374,
            "R2": 0.5138170931500723
        },
        "1": {
            "MAE": 3.6207407235947766,
            "RMSE": 4.324905333658543,
            "MAPE": 10.560355575756972,
            "R2": 0.5019026956795992
        },
        "2": {
            "MAE": 5.001283265248096,
            "RMSE": 5.7837688006269685,
            "MAPE": 15.095400308368525,
            "R2": 0.11190689732152159
        },
        "3": {
            "MAE": 4.176619286508,
            "RMSE": 4.959000893527633,
            "MAPE": 12.318583101245585,
            "R2": 0.3488330479722136
        },
        "4": {
            "MAE": 6.105683613179976,
            "RMSE": 7.024676191919005,
            "MAPE": 18.447424637030124,
            "R2": -0.302222662147956
        },
        "5": {
            "MAE": 4.9886118229816505,
            "RMSE": 5.92999593036738,
            "MAPE": 14.968369774119642,
            "R2": 0.07513312682496642
        },
        "6": {
            "MAE": 5.438206060998444,
            "RMSE": 6.421323116789537,
            "MAPE": 16.379955781646036,
            "R2": -0.08003314283578278
        },
        "7": {
            "MAE": 5.068358299103707,
            "RMSE": 6.035706550323123,
            "MAPE": 15.117295532161625,
            "R2": 0.04969128109664278
        },
        "8": {
            "MAE": 5.772377222825844,
            "RMSE": 6.9158956944901,
            "MAPE": 17.460597663139072,
            "R2": -0.24132884227709095
        },
        "9": {
            "MAE": 6.4758447616642885,
            "RMSE": 7.725469835566051,
            "MAPE": 19.694320926735546,
            "R2": -0.5393522523684124
        },
        "10": {
            "MAE": 6.044183794047511,
            "RMSE": 7.3180495623572615,
            "MAPE": 18.339911128515446,
            "R2": -0.37156232192110705
        },
        "11": {
            "MAE": 5.884642026519776,
            "RMSE": 7.171056391028515,
            "MAPE": 17.884231118469852,
            "R2": -0.30732189173491964
        },
        "12": {
            "MAE": 6.480181286626858,
            "RMSE": 7.8706753966002445,
            "MAPE": 19.79447014672331,
            "R2": -0.562581403923659
        },
        "13": {
            "MAE": 7.7164503607371495,
            "RMSE": 9.189839890615103,
            "MAPE": 23.62997265763908,
            "R2": -1.1146619255699868
        },
        "14": {
            "MAE": 6.055587392527345,
            "RMSE": 7.517055907850762,
            "MAPE": 18.522543307972818,
            "R2": -0.40518475595937087
        },
        "15": {
            "MAE": 5.971168081954463,
            "RMSE": 7.4213102169943035,
            "MAPE": 18.23837118179359,
            "R2": -0.36113309593924914
        },
        "16": {
            "MAE": 7.772355388927925,
            "RMSE": 9.289533335584228,
            "MAPE": 23.93134584218929,
            "R2": -1.1199983731281673
        },
        "17": {
            "MAE": 6.889845413472161,
            "RMSE": 8.42686255634432,
            "MAPE": 21.313648116304346,
            "R2": -0.7327479175012221
        },
        "18": {
            "MAE": 5.480466008926266,
            "RMSE": 7.060161030025496,
            "MAPE": 16.916486387404124,
            "R2": -0.207065162433969
        },
        "19": {
            "MAE": 6.696632913437907,
            "RMSE": 8.375602403177586,
            "MAPE": 20.864211972458087,
            "R2": -0.6850021637242605
        },
        "20": {
            "MAE": 6.525998812364595,
            "RMSE": 8.186940496432092,
            "MAPE": 20.411632937411948,
            "R2": -0.5965427736134201
        },
        "21": {
            "MAE": 7.626705102650785,
            "RMSE": 9.298851318536528,
            "MAPE": 23.786207887292793,
            "R2": -1.042518697383668
        },
        "22": {
            "MAE": 8.008297526123046,
            "RMSE": 9.626041681221777,
            "MAPE": 24.9150644788301,
            "R2": -1.171557144748126
        },
        "23": {
            "MAE": 9.154036563966946,
            "RMSE": 10.78532126225541,
            "MAPE": 28.332659595880227,
            "R2": -1.706584547169531
        }
    },
    "by_time": {
        "0": {
            "MAE": 6.320243649886066,
            "RMSE": 7.460855711235544,
            "MAPE": 19.54972864397386,
            "R2": -1.6322025464083656
        },
        "1": {
            "MAE": 6.57040500165047,
            "RMSE": 7.58323558821398,
            "MAPE": 20.285199813615556,
            "R2": -1.8926521497718025
        },
        "2": {
            "MAE": 7.0814436064212956,
            "RMSE": 7.894038778573833,
            "MAPE": 21.83763883408752,
            "R2": -2.6119628334627953
        },
        "3": {
            "MAE": 7.451852670200751,
            "RMSE": 8.1486745296815,
            "MAPE": 23.02067498999453,
            "R2": -3.1309426818220603
        },
        "4": {
            "MAE": 7.8003604939358615,
            "RMSE": 8.408145335678153,
            "MAPE": 24.146524629433223,
            "R2": -3.7734253602884333
        },
        "5": {
            "MAE": 8.062634575408204,
            "RMSE": 8.602612514691394,
            "MAPE": 24.984686875616948,
            "R2": -4.393655738489319
        },
        "6": {
            "MAE": 8.246480630886504,
            "RMSE": 8.772087237207973,
            "MAPE": 25.666882866679426,
            "R2": -4.519995630469788
        },
        "7": {
            "MAE": 8.491772445656604,
            "RMSE": 9.043149025308734,
            "MAPE": 26.58413237201016,
            "R2": -4.900799628058301
        },
        "8": {
            "MAE": 7.635035829216001,
            "RMSE": 8.341429132314577,
            "MAPE": 23.57893697598711,
            "R2": -3.14259375727124
        },
        "9": {
            "MAE": 6.483942641366886,
            "RMSE": 7.553084711747989,
            "MAPE": 19.851949673002544,
            "R2": -1.700563696456924
        },
        "10": {
            "MAE": 5.222124301645135,
            "RMSE": 6.81031200062779,
            "MAPE": 16.01576664923262,
            "R2": -0.682251387862499
        },
        "11": {
            "MAE": 4.885892576596791,
            "RMSE": 6.713813697335801,
            "MAPE": 14.932482726338606,
            "R2": -0.1099887058516471
        },
        "12": {
            "MAE": 4.292180788082236,
            "RMSE": 6.244925371532592,
            "MAPE": 12.619260552040204,
            "R2": -0.03670594068584254
        },
        "13": {
            "MAE": 4.764818727120535,
            "RMSE": 6.824040831572985,
            "MAPE": 13.902027283910783,
            "R2": 0.054050252506137486
        },
        "14": {
            "MAE": 5.237894166307135,
            "RMSE": 7.430497641040547,
            "MAPE": 15.091517149188288,
            "R2": 0.07093643453581555
        },
        "15": {
            "MAE": 4.99062362227105,
            "RMSE": 6.966356242625915,
            "MAPE": 13.847882105999334,
            "R2": 0.09597236014293964
        },
        "16": {
            "MAE": 4.858492376170439,
            "RMSE": 6.8353543833635175,
            "MAPE": 13.864489093032276,
            "R2": 0.15352828370075144
        },
        "17": {
            "MAE": 4.687147125588073,
            "RMSE": 6.732950512375486,
            "MAPE": 13.818276155414692,
            "R2": 0.16295874583793046
        },
        "18": {
            "MAE": 4.590006403504303,
            "RMSE": 6.762364448354341,
            "MAPE": 14.13901385217523,
            "R2": 0.10188244108804956
        },