{
    "overall": {
        "MAE": 13.26900651979785,
        "RMSE": 14.674885955133957,
        "MAPE": 34.246043704869564,
        "R2": -4.433002406060149
    },
    "by_horizon": {
        "0": {
            "MAE": 12.976419591978663,
            "RMSE": 14.155075804134794,
            "MAPE": 33.92781686279076,
            "R2": -4.352058405481744
        },
        "1": {
            "MAE": 12.93111028052377,
            "RMSE": 14.150362490087845,
            "MAPE": 33.729114879092556,
            "R2": -4.332073292928637
        },
        "2": {
            "MAE": 13.093902592259319,
            "RMSE": 14.336797728066204,
            "MAPE": 34.110547216797634,
            "R2": -4.456836792129719
        },
        "3": {
            "MAE": 13.226512271177404,
            "RMSE": 14.491161496080066,
            "MAPE": 34.40899251697655,
            "R2": -4.560455519391639
        },
        "4": {
            "MAE": 13.106840791200085,
            "RMSE": 14.41160178428821,
            "MAPE": 34.00902120300823,
            "R2": -4.480966351896272
        },
        "5": {
            "MAE": 13.157356632417137,
            "RMSE": 14.483475153455826,
            "MAPE": 34.085822742810535,
            "R2": -4.517165233458968
        },
        "6": {
            "MAE": 13.246422968228675,
            "RMSE": 14.585829500261893,
            "MAPE": 34.27561173423129,
            "R2": -4.572502863086761
        },
        "7": {
            "MAE": 13.160231801552513,
            "RMSE": 14.525496167369836,
            "MAPE": 33.98050981339576,
            "R2": -4.503898708432897
        },
        "8": {
            "MAE": 13.230762270524588,
            "RMSE": 14.60499406339759,
            "MAPE": 34.12762138714506,
            "R2": -4.535957491112579
        },
        "9": {
            "MAE": 13.277774425152119,
            "RMSE": 14.662659410088306,
            "MAPE": 34.21515084761159,
            "R2": -4.545155159075068
        },
        "10": {
            "MAE": 13.366445926227897,
            "RMSE": 14.757798428805998,
            "MAPE": 34.42528298218885,
            "R2": -4.5778650340928015
        },
        "11": {
            "MAE": 13.455741613445284,
            "RMSE": 14.852751871209064,
            "MAPE": 34.64157920837169,
            "R2": -4.6082854475176
        },
        "12": {
            "MAE": 13.478513100161095,
            "RMSE": 14.8882314017956,
            "MAPE": 34.68154289564151,
            "R2": -4.591197958949978
        },
        "13": {
            "MAE": 13.456722379516602,
            "RMSE": 14.882876021277433,
            "MAPE": 34.61524567747901,
            "R2": -4.5462415987226334
        },
        "14": {
            "MAE": 13.44507009216797,
            "RMSE": 14.885063614712129,
            "MAPE": 34.58552748515497,
            "R2": -4.509843446097935
        },
        "15": {
            "MAE": 13.430456323393791,
            "RMSE": 14.883597337869917,
            "MAPE": 34.55532477610232,
            "R2": -4.4746359687652095
        },
        "16": {
            "MAE": 13.40680965191303,
            "RMSE": 14.874196531971013,
            "MAPE": 34.5019260899173,
            "R2": -4.435190414145615
        },
        "17": {
            "MAE": 13.31748412616267,
            "RMSE": 14.807919529863739,
            "MAPE": 34.2578772698895,
            "R2": -4.350466581123582
        },
        "18": {
            "MAE": 13.275887588560499,
            "RMSE": 14.78627085669866,
            "MAPE": 34.13839597860242,
            "R2": -4.294425203324845
        },
        "19": {
            "MAE": 13.258918869932048,
            "RMSE": 14.788830502451788,
            "MAPE": 34.077613671533555,
            "R2": -4.253346175407838
        },
        "20": {
            "MAE": 13.24227679488495,
            "RMSE": 14.793978934542512,
            "MAPE": 34.00568619147107,
            "R2": -4.213234762366704
        },
        "21": {
            "MAE": 13.266744911074879,
            "RMSE": 14.839280074695344,
            "MAPE": 34.04116692086928,
            "R2": -4.20155382388512
        },
        "22": {
            "MAE": 13.326158895046657,
            "RMSE": 14.9195552017852,
            "MAPE": 34.16074805254013,
            "R2": -4.216600011048325
        },
        "23": {
            "MAE": 13.447186909926844,
            "RMSE": 15.05659565599675,
            "MAPE": 34.4425904382669,
            "R2": -4.274836482477428
        }
    },
    "by_time": {
        "0": {
            "MAE": 11.822899556803385,
            "RMSE": 12.775260919635297,
            "MAPE": 32.340391173186056,
            "R2": -6.717587827141374
        },
        "1": {
            "MAE": 11.515672023958066,
            "RMSE": 12.429689882309688,
            "MAPE": 31.79927951523106,
            "R2": -6.771550997072078
        },
        "2": {
            "MAE": 10.952988967349198,
            "RMSE": 11.779870006706712,
            "MAPE": 30.817976081431564,
            "R2": -7.043142400305994
        },
        "3": {
            "MAE": 10.566182045246403,
            "RMSE": 11.349492460779652,
            "MAPE": 30.09656372233371,
            "R2": -7.0136082318745
        },
        "4": {
            "MAE": 10.203012627031876,
            "RMSE": 10.940496113366718,
            "MAPE": 29.41600314136591,
            "R2": -7.081719048916803
        },
        "5": {
            "MAE": 9.960070104591798,
            "RMSE": 10.65678641560098,
            "MAPE": 28.95422433582988,
            "R2": -7.277039420100785
        },
        "6": {
            "MAE": 9.782775845303973,
            "RMSE": 10.485408026314955,
            "MAPE": 28.55833956324255,
            "R2": -6.886848894670836
        },
        "7": {
            "MAE": 9.548834664579616,
            "RMSE": 10.238969676417405,
            "MAPE": 28.083619239983758,
            "R2": -6.564565813100405
        },
        "8": {
            "MAE": 10.389219842659,
            "RMSE": 11.100622271222091,
            "MAPE": 29.774013833933523,
            "R2": -6.336451776509389
        },
        "9": {
            "MAE": 11.529760397392806,
            "RMSE": 12.340002344254293,
            "MAPE": 31.863226375569198,
            "R2": -6.208355525027115
        },
        "10": {
            "MAE": 13.031794131156099,
            "RMSE": 13.987980167973639,
            "MAPE": 34.37148550190322,
            "R2": -6.096870715169361
        },
        "11": {
            "MAE": 14.608941131787482,
            "RMSE": 15.892370096353284,
            "MAPE": 36.512530423829034,
            "R2": -5.219526587922502
        },
        "12": {
            "MAE": 15.909990153668028,
            "RMSE": 17.05646884504858,
            "MAPE": 38.70475809920968,
            "R2": -6.733557736855322
        },
        "13": {
            "MAE": 16.42166003452479,
            "RMSE": 17.862982035630733,
            "MAPE": 39.00937209549086,
            "R2": -5.481757144021781
        },
        "14": {
            "MAE": 17.407306703427444,
            "RMSE": 19.06493614280319,
            "MAPE": 39.99888726344907,
            "R2": -5.116181116896399
        },
        "15": {
            "MAE": 17.84141537114981,
            "RMSE": 19.310190640404254,
            "MAPE": 40.9263288492353,
            "R2": -5.9461390467569935
        },
        "16": {
            "MAE": 17.451872333862305,
            "RMSE": 18.94101242500725,
            "MAPE": 40.295926345387976,
            "R2": -5.499751572112761
        },
        "17": {
            "MAE": 16.80836628659258,
            "RMSE": 18.298909461150252,
            "MAPE": 39.338595063002714,
            "R2": -5.182817606431671
        },
        "18": {
            "MAE": 15.863801809977215,
            "RMSE": 17.34558850917018,
            "MAPE": 37.90531614067791,
            "R2": -4.909001775695318
        },